[
    { "code": "AF", "name": "Afghanistan" },
    { "code": "EG", "name": "Ägypten" },
    { "code": "AL", "name": "Albanien" },
    { "code": "DZ", "name": "Algerien" },
    { "code": "AD", "name": "Andorra" },
    { "code": "AO", "name": "Angola" },
    { "code": "AG", "name": "Antigua und Barbuda" },
    { "code": "GQ", "name": "Äquatorialguinea" },
    { "code": "AR", "name": "Argentinien" },
    { "code": "AM", "name": "Armenien" },
    { "code": "AZ", "name": "Aserbaidschan" },
    { "code": "ET", "name": "Äthiopien" },
    { "code": "AU", "name": "Australien" },
    { "code": "BS", "name": "Bahamas" },
    { "code": "BH", "name": "Bahrain" },
    { "code": "BD", "name": "Bangladesch" },
    { "code": "BB", "name": "Barbados" },
    { "code": "BY", "name": "Belarus" },
    { "code": "BE", "name": "Belgien" },
    { "code": "BZ", "name": "Belize" },
    { "code": "BJ", "name": "Benin" },
    { "code": "BT", "name": "Bhutan" },
    { "code": "BO", "name": "Bolivien" },
    { "code": "BA", "name": "Bosnien und Herzegowina" },
    { "code": "BW", "name": "Botswana" },
    { "code": "BR", "name": "Brasilien" },
    { "code": "BN", "name": "Brunei" },
    { "code": "BG", "name": "Bulgarien" },
    { "code": "BF", "name": "Burkina Faso" },
    { "code": "BI", "name": "Burundi" },
    { "code": "CL", "name": "Chile" },
    { "code": "CN", "name": "Volksrepublik China" },
    { "code": "CR", "name": "Costa Rica" },
    { "code": "DK", "name": "Dänemark" },
    { "code": "DE", "name": "Deutschland" },
    { "code": "DM", "name": "Dominica" },
    { "code": "DO", "name": "Dominikanische Republik" },
    { "code": "DJ", "name": "Dschibuti" },
    { "code": "EC", "name": "Ecuador" },
    { "code": "CI", "name": "Elfenbeinküste" },
    { "code": "SV", "name": "El Salvador" },
    { "code": "ER", "name": "Eritrea" },
    { "code": "EE", "name": "Estland" },
    { "code": "SZ", "name": "Eswatini" },
    { "code": "FJ", "name": "Fidschi" },
    { "code": "FI", "name": "Finnland" },
    { "code": "FR", "name": "Frankreich" },
    { "code": "GA", "name": "Gabun" },
    { "code": "GM", "name": "Gambia" },
    { "code": "GE", "name": "Georgien" },
    { "code": "GH", "name": "Ghana" },
    { "code": "GD", "name": "Grenada" },
    { "code": "GR", "name": "Griechenland" },
    { "code": "GT", "name": "Guatemala" },
    { "code": "GN", "name": "Guinea" },
    { "code": "GW", "name": "Guinea-Bissau" },
    { "code": "GY", "name": "Guyana" },
    { "code": "HT", "name": "Haiti" },
    { "code": "HN", "name": "Honduras" },
    { "code": "IN", "name": "Indien" },
    { "code": "ID", "name": "Indonesien" },
    { "code": "IQ", "name": "Irak" },
    { "code": "IR", "name": "Iran" },
    { "code": "IE", "name": "Irland" },
    { "code": "IS", "name": "Island" },
    { "code": "IL", "name": "Israel" },
    { "code": "IT", "name": "Italien" },
    { "code": "JM", "name": "Jamaika" },
    { "code": "JP", "name": "Japan" },
    { "code": "YE", "name": "Jemen" },
    { "code": "JO", "name": "Jordanien" },
    { "code": "KH", "name": "Kambodscha" },
    { "code": "CM", "name": "Kamerun" },
    { "code": "CA", "name": "Kanada" },
    { "code": "CV", "name": "Kap Verde" },
    { "code": "KZ", "name": "Kasachstan" },
    { "code": "QA", "name": "Katar" },
    { "code": "KE", "name": "Kenia" },
    { "code": "KG", "name": "Kirgisistan" },
    { "code": "KI", "name": "Kiribati" },
    { "code": "CO", "name": "Kolumbien" },
    { "code": "KM", "name": "Komoren" },
    { "code": "CD", "name": "Kongo, Demokratische Republik" },
    { "code": "CG", "name": "Kongo, Republik" },
    { "code": "KP", "name": "Korea, Nord" },
    { "code": "KR", "name": "Korea, Süd" },
    { "code": "HR", "name": "Kroatien" },
    { "code": "CU", "name": "Kuba" },
    { "code": "KW", "name": "Kuwait" },
    { "code": "LA", "name": "Laos" },
    { "code": "LS", "name": "Lesotho" },
    { "code": "LV", "name": "Lettland" },
    { "code": "LB", "name": "Libanon" },
    { "code": "LR", "name": "Liberia" },
    { "code": "LY", "name": "Libyen" },
    { "code": "LI", "name": "Liechtenstein" },
    { "code": "LT", "name": "Litauen" },
    { "code": "LU", "name": "Luxemburg" },
    { "code": "MG", "name": "Madagaskar" },
    { "code": "MW", "name": "Malawi" },
    { "code": "MY", "name": "Malaysia" },
    { "code": "MV", "name": "Malediven" },
    { "code": "ML", "name": "Mali" },
    { "code": "MT", "name": "Malta" },
    { "code": "MA", "name": "Marokko" },
    { "code": "MH", "name": "Marshallinseln" },
    { "code": "MR", "name": "Mauretanien" },
    { "code": "MU", "name": "Mauritius" },
    { "code": "MX", "name": "Mexiko" },
    { "code": "FM", "name": "Mikronesien" },
    { "code": "MD", "name": "Moldau" },
    { "code": "MC", "name": "Monaco" },
    { "code": "MN", "name": "Mongolei" },
    { "code": "ME", "name": "Montenegro" },
    { "code": "MZ", "name": "Mosambik" },
    { "code": "MM", "name": "Myanmar" },
    { "code": "NA", "name": "Namibia" },
    { "code": "NR", "name": "Nauru" },
    { "code": "NP", "name": "Nepal" },
    { "code": "NZ", "name": "Neuseeland" },
    { "code": "NI", "name": "Nicaragua" },
    { "code": "NL", "name": "Niederlande" },
    { "code": "NE", "name": "Niger" },
    { "code": "NG", "name": "Nigeria" },
    { "code": "MK", "name": "Nordmazedonien" },
    { "code": "NO", "name": "Norwegen" },
    { "code": "OM", "name": "Oman" },
    { "code": "AT", "name": "Österreich" },
    { "code": "TL", "name": "Osttimor" },
    { "code": "PK", "name": "Pakistan" },
    { "code": "PW", "name": "Palau" },
    { "code": "PA", "name": "Panama" },
    { "code": "PG", "name": "Papua-Neuguinea" },
    { "code": "PY", "name": "Paraguay" },
    { "code": "PE", "name": "Peru" },
    { "code": "PH", "name": "Philippinen" },
    { "code": "PL", "name": "Polen" },
    { "code": "PT", "name": "Portugal" },
    { "code": "RW", "name": "Ruanda" },
    { "code": "RO", "name": "Rumänien" },
    { "code": "RU", "name": "Russland" },
    { "code": "SB", "name": "Salomonen" },
    { "code": "ZM", "name": "Sambia" },
    { "code": "WS", "name": "Samoa" },
    { "code": "SM", "name": "San Marino" },
    { "code": "ST", "name": "São Tomé und Príncipe" },
    { "code": "SA", "name": "Saudi-Arabien" },
    { "code": "SE", "name": "Schweden" },
    { "code": "CH", "name": "Schweiz" },
    { "code": "SN", "name": "Senegal" },
    { "code": "RS", "name": "Serbien" },
    { "code": "SC", "name": "Seychellen" },
    { "code": "SL", "name": "Sierra Leone" },
    { "code": "ZW", "name": "Simbabwe" },
    { "code": "SG", "name": "Singapur" },
    { "code": "SK", "name": "Slowakei" },
    { "code": "SI", "name": "Slowenien" },
    { "code": "SO", "name": "Somalia" },
    { "code": "ES", "name": "Spanien" },
    { "code": "LK", "name": "Sri Lanka" },
    { "code": "KN", "name": "St. Kitts und Nevis" },
    { "code": "LC", "name": "St. Lucia" },
    { "code": "VC", "name": "St. Vincent und die Grenadinen" },
    { "code": "ZA", "name": "Südafrika" },
    { "code": "SD", "name": "Sudan" },
    { "code": "SS", "name": "Südsudan" },
    { "code": "SR", "name": "Suriname" },
    { "code": "SY", "name": "Syrien" },
    { "code": "TJ", "name": "Tadschikistan" },
    { "code": "TZ", "name": "Tansania" },
    { "code": "TH", "name": "Thailand" },
    { "code": "TG", "name": "Togo" },
    { "code": "TO", "name": "Tonga" },
    { "code": "TT", "name": "Trinidad und Tobago" },
    { "code": "TD", "name": "Tschad" },
    { "code": "CZ", "name": "Tschechien" },
    { "code": "TN", "name": "Tunesien" },
    { "code": "TR", "name": "Türkei" },
    { "code": "TM", "name": "Turkmenistan" },
    { "code": "TV", "name": "Tuvalu" },
    { "code": "UG", "name": "Uganda" },
    { "code": "UA", "name": "Ukraine" },
    { "code": "HU", "name": "Ungarn" },
    { "code": "UY", "name": "Uruguay" },
    { "code": "UZ", "name": "Usbekistan" },
    { "code": "VU", "name": "Vanuatu" },
    { "code": "VE", "name": "Venezuela" },
    { "code": "AE", "name": "Vereinigte Arabische Emirate" },
    { "code": "US", "name": "Vereinigte Staaten" },
    { "code": "GB", "name": "Vereinigtes Königreich" },
    { "code": "VN", "name": "Vietnam" },
    { "code": "CF", "name": "Zentral­afrikanische Republik" },
    { "code": "CY", "name": "Zypern" }
]
