[
    { "code": "AF", "name": "Afghanistan" },
    { "code": "ZA", "name": "Afrique du Sud" },
    { "code": "AL", "name": "Albanie" },
    { "code": "DZ", "name": "Algérie" },
    { "code": "DE", "name": "Allemagne" },
    { "code": "AD", "name": "Andorre" },
    { "code": "AO", "name": "Angola" },
    { "code": "AG", "name": "Antigua-et-Barbuda" },
    { "code": "SA", "name": "Arabie saoudite" },
    { "code": "AR", "name": "Argentine" },
    { "code": "AM", "name": "Arménie" },
    { "code": "AU", "name": "Australie" },
    { "code": "AT", "name": "Autriche" },
    { "code": "AZ", "name": "Azerbaïdjan" },
    { "code": "BS", "name": "Bahamas" },
    { "code": "BH", "name": "Bahreïn" },
    { "code": "BD", "name": "Bangladesh" },
    { "code": "BB", "name": "Barbade" },
    { "code": "BY", "name": "Biélorussie" },
    { "code": "BE", "name": "Belgique" },
    { "code": "BZ", "name": "Belize" },
    { "code": "BJ", "name": "Bénin" },
    { "code": "BT", "name": "Bhoutan" },
    { "code": "BO", "name": "Bolivie" },
    { "code": "BA", "name": "Bosnie-Herzégovine" },
    { "code": "BW", "name": "Botswana" },
    { "code": "BR", "name": "Brésil" },
    { "code": "BN", "name": "Brunei" },
    { "code": "BG", "name": "Bulgarie" },
    { "code": "BF", "name": "Burkina Faso" },
    { "code": "BI", "name": "Burundi" },
    { "code": "KH", "name": "Cambodge" },
    { "code": "CM", "name": "Cameroun" },
    { "code": "CA", "name": "Canada" },
    { "code": "CV", "name": "Cap-Vert" },
    { "code": "CF", "name": "République centrafricaine" },
    { "code": "CL", "name": "Chili" },
    { "code": "CN", "name": "Chine" },
    { "code": "CY", "name": "Chypre (pays)" },
    { "code": "CO", "name": "Colombie" },
    { "code": "KM", "name": "Comores (pays)" },
    { "code": "CG", "name": "République du Congo" },
    { "code": "CD", "name": "République démocratique du Congo" },
    { "code": "KR", "name": "Corée du Sud" },
    { "code": "KP", "name": "Corée du Nord" },
    { "code": "CR", "name": "Costa Rica" },
    { "code": "CI", "name": "Côte d'Ivoire" },
    { "code": "HR", "name": "Croatie" },
    { "code": "CU", "name": "Cuba" },
    { "code": "DK", "name": "Danemark" },
    { "code": "DJ", "name": "Djibouti" },
    { "code": "DO", "name": "République dominicaine" },
    { "code": "DM", "name": "Dominique" },
    { "code": "EG", "name": "Égypte" },
    { "code": "SV", "name": "Salvador" },
    { "code": "AE", "name": "Émirats arabes unis" },
    { "code": "EC", "name": "Équateur (pays)" },
    { "code": "ER", "name": "Érythrée" },
    { "code": "ES", "name": "Espagne" },
    { "code": "EE", "name": "Estonie" },
    { "code": "US", "name": "États-Unis" },
    { "code": "ET", "name": "Éthiopie" },
    { "code": "FJ", "name": "Fidji" },
    { "code": "FI", "name": "Finlande" },
    { "code": "FR", "name": "France" },
    { "code": "GA", "name": "Gabon" },
    { "code": "GM", "name": "Gambie" },
    { "code": "GE", "name": "Géorgie (pays)" },
    { "code": "GH", "name": "Ghana" },
    { "code": "GR", "name": "Grèce" },
    { "code": "GD", "name": "Grenade (pays)" },
    { "code": "GT", "name": "Guatemala" },
    { "code": "GN", "name": "Guinée" },
    { "code": "GW", "name": "Guinée-Bissau" },
    { "code": "GQ", "name": "Guinée équatoriale" },
    { "code": "GY", "name": "Guyana" },
    { "code": "HT", "name": "Haïti" },
    { "code": "HN", "name": "Honduras" },
    { "code": "HU", "name": "Hongrie" },
    { "code": "IN", "name": "Inde" },
    { "code": "ID", "name": "Indonésie" },
    { "code": "IR", "name": "Iran" },
    { "code": "IQ", "name": "Irak" },
    { "code": "IE", "name": "Irlande (pays)" },
    { "code": "IS", "name": "Islande" },
    { "code": "IL", "name": "Israël" },
    { "code": "IT", "name": "Italie" },
    { "code": "JM", "name": "Jamaïque" },
    { "code": "JP", "name": "Japon" },
    { "code": "JO", "name": "Jordanie" },
    { "code": "KZ", "name": "Kazakhstan" },
    { "code": "KE", "name": "Kenya" },
    { "code": "KG", "name": "Kirghizistan" },
    { "code": "KI", "name": "Kiribati" },
    { "code": "KW", "name": "Koweït" },
    { "code": "LA", "name": "Laos" },
    { "code": "LS", "name": "Lesotho" },
    { "code": "LV", "name": "Lettonie" },
    { "code": "LB", "name": "Liban" },
    { "code": "LR", "name": "Liberia" },
    { "code": "LY", "name": "Libye" },
    { "code": "LI", "name": "Liechtenstein" },
    { "code": "LT", "name": "Lituanie" },
    { "code": "LU", "name": "Luxembourg (pays)" },
    { "code": "MK", "name": "Macédoine du Nord" },
    { "code": "MG", "name": "Madagascar" },
    { "code": "MY", "name": "Malaisie" },
    { "code": "MW", "name": "Malawi" },
    { "code": "MV", "name": "Maldives" },
    { "code": "ML", "name": "Mali" },
    { "code": "MT", "name": "Malte" },
    { "code": "MA", "name": "Maroc" },
    { "code": "MH", "name": "Îles Marshall (pays)" },
    { "code": "MU", "name": "Maurice (pays)" },
    { "code": "MR", "name": "Mauritanie" },
    { "code": "MX", "name": "Mexique" },
    { "code": "FM", "name": "États fédérés de Micronésie (pays)" },
    { "code": "MD", "name": "Moldavie" },
    { "code": "MC", "name": "Monaco" },
    { "code": "MN", "name": "Mongolie" },
    { "code": "ME", "name": "Monténégro" },
    { "code": "MZ", "name": "Mozambique" },
    { "code": "MM", "name": "Birmanie" },
    { "code": "NA", "name": "Namibie" },
    { "code": "NR", "name": "Nauru" },
    { "code": "NP", "name": "Népal" },
    { "code": "NI", "name": "Nicaragua" },
    { "code": "NE", "name": "Niger" },
    { "code": "NG", "name": "Nigeria" },
    { "code": "NO", "name": "Norvège" },
    { "code": "NZ", "name": "Nouvelle-Zélande" },
    { "code": "OM", "name": "Oman" },
    { "code": "UG", "name": "Ouganda" },
    { "code": "UZ", "name": "Ouzbékistan" },
    { "code": "PK", "name": "Pakistan" },
    { "code": "PW", "name": "Palaos" },
    { "code": "PA", "name": "Panama" },
    { "code": "PG", "name": "Papouasie-Nouvelle-Guinée" },
    { "code": "PY", "name": "Paraguay" },
    { "code": "NL", "name": "Pays-Bas" },
    { "code": "PE", "name": "Pérou" },
    { "code": "PH", "name": "Philippines" },
    { "code": "PL", "name": "Pologne" },
    { "code": "PT", "name": "Portugal" },
    { "code": "QA", "name": "Qatar" },
    { "code": "RO", "name": "Roumanie" },
    { "code": "GB", "name": "Royaume-Uni" },
    { "code": "RU", "name": "Russie" },
    { "code": "RW", "name": "Rwanda" },
    { "code": "KN", "name": "Saint-Christophe-et-Niévès" },
    { "code": "SM", "name": "Saint-Marin" },
    { "code": "VC", "name": "Saint-Vincent-et-les-Grenadines" },
    { "code": "LC", "name": "Sainte-Lucie" },
    { "code": "SB", "name": "Îles Salomon" },
    { "code": "WS", "name": "Samoa" },
    { "code": "ST", "name": "Sao Tomé-et-Principe" },
    { "code": "SN", "name": "Sénégal" },
    { "code": "RS", "name": "Serbie" },
    { "code": "SC", "name": "Seychelles" },
    { "code": "SL", "name": "Sierra Leone" },
    { "code": "SG", "name": "Singapour" },
    { "code": "SK", "name": "Slovaquie" },
    { "code": "SI", "name": "Slovénie" },
    { "code": "SO", "name": "Somalie" },
    { "code": "SD", "name": "Soudan" },
    { "code": "SS", "name": "Soudan du Sud" },
    { "code": "LK", "name": "Sri Lanka" },
    { "code": "SE", "name": "Suède" },
    { "code": "CH", "name": "Suisse" },
    { "code": "SR", "name": "Suriname" },
    { "code": "SZ", "name": "Eswatini" },
    { "code": "SY", "name": "Syrie" },
    { "code": "TJ", "name": "Tadjikistan" },
    { "code": "TZ", "name": "Tanzanie" },
    { "code": "TD", "name": "Tchad" },
    { "code": "CZ", "name": "Tchéquie" },
    { "code": "TH", "name": "Thaïlande" },
    { "code": "TL", "name": "Timor oriental" },
    { "code": "TG", "name": "Togo" },
    { "code": "TO", "name": "Tonga" },
    { "code": "TT", "name": "Trinité-et-Tobago" },
    { "code": "TN", "name": "Tunisie" },
    { "code": "TM", "name": "Turkménistan" },
    { "code": "TR", "name": "Turquie" },
    { "code": "TV", "name": "Tuvalu" },
    { "code": "UA", "name": "Ukraine" },
    { "code": "UY", "name": "Uruguay" },
    { "code": "VU", "name": "Vanuatu" },
    { "code": "VE", "name": "Venezuela" },
    { "code": "VN", "name": "Viêt Nam" },
    { "code": "YE", "name": "Yémen" },
    { "code": "ZM", "name": "Zambie" },
    { "code": "ZW", "name": "Zimbabwe" }
]
