[
    { "code": "AF", "name": "Afganistanas" },
    { "code": "AL", "name": "Albanija" },
    { "code": "DZ", "name": "Alžyras" },
    { "code": "AD", "name": "Andora" },
    { "code": "AO", "name": "Angola" },
    { "code": "AG", "name": "Antigva ir Barbuda" },
    { "code": "AR", "name": "Argentina" },
    { "code": "AM", "name": "Armėnija" },
    { "code": "AU", "name": "Australija" },
    { "code": "AT", "name": "Austrija" },
    { "code": "AZ", "name": "Azerbaidžanas" },
    { "code": "BS", "name": "Bahamos" },
    { "code": "BH", "name": "Bahreinas" },
    { "code": "BY", "name": "Baltarusija" },
    { "code": "BD", "name": "Bangladešas" },
    { "code": "BB", "name": "Barbadosas" },
    { "code": "BE", "name": "Belgija" },
    { "code": "BZ", "name": "Belizas" },
    { "code": "BJ", "name": "Beninas" },
    { "code": "BT", "name": "Butanas" },
    { "code": "BO", "name": "Bolivija" },
    { "code": "BA", "name": "Bosnija ir Hercegovina" },
    { "code": "BW", "name": "Botsvana" },
    { "code": "BR", "name": "Brazilija" },
    { "code": "BN", "name": "Brunėjus" },
    { "code": "BG", "name": "Bulgarija" },
    { "code": "BF", "name": "Burkina Faso" },
    { "code": "BI", "name": "Burundis" },
    { "code": "CF", "name": "Centrinės Afrikos Respublika" },
    { "code": "TD", "name": "Čadas" },
    { "code": "CL", "name": "Čilė" },
    { "code": "CZ", "name": "Čekija" },
    { "code": "DK", "name": "Danija" },
    { "code": "CI", "name": "Dramblio Kaulo Krantas" },
    { "code": "DM", "name": "Dominika" },
    { "code": "DO", "name": "Dominikos Respublika" },
    { "code": "DJ", "name": "Džibutis" },
    { "code": "EG", "name": "Egiptas" },
    { "code": "EC", "name": "Ekvadoras" },
    { "code": "ER", "name": "Eritrėja" },
    { "code": "EE", "name": "Estija" },
    { "code": "ET", "name": "Etiopija" },
    { "code": "FJ", "name": "Fidžis" },
    { "code": "GA", "name": "Gabonas" },
    { "code": "GM", "name": "Gambija" },
    { "code": "GH", "name": "Gana" },
    { "code": "GR", "name": "Graikija" },
    { "code": "GD", "name": "Grenada" },
    { "code": "GE", "name": "Gruzija" },
    { "code": "GT", "name": "Gvatemala" },
    { "code": "GN", "name": "Gvinėja" },
    { "code": "GW", "name": "Bisau Gvinėja" },
    { "code": "GY", "name": "Gajana" },
    { "code": "HT", "name": "Haitis" },
    { "code": "HN", "name": "Hondūras" },
    { "code": "HU", "name": "Vengrija" },
    { "code": "IS", "name": "Islandija" },
    { "code": "IN", "name": "Indija" },
    { "code": "ID", "name": "Indonezija" },
    { "code": "IR", "name": "Iranas" },
    { "code": "IQ", "name": "Irakas" },
    { "code": "IE", "name": "Airija" },
    { "code": "IL", "name": "Izraelis" },
    { "code": "IT", "name": "Italija" },
    { "code": "JM", "name": "Jamaika" },
    { "code": "JP", "name": "Japonija" },
    { "code": "JO", "name": "Jordanija" },
    { "code": "KH", "name": "Kambodža" },
    { "code": "CM", "name": "Kamerūnas" },
    { "code": "CA", "name": "Kanada" },
    { "code": "CN", "name": "Kinija" },
    { "code": "CO", "name": "Kolumbija" },
    { "code": "KM", "name": "Komorai" },
    { "code": "CG", "name": "Kongo Respublika" },
    { "code": "CD", "name": "Kongo Demokratinė Respublika" },
    { "code": "CR", "name": "Kosta Rika" },
    { "code": "HR", "name": "Kroatija" },
    { "code": "CU", "name": "Kuba" },
    { "code": "CY", "name": "Kipras" },
    { "code": "KZ", "name": "Kazachstanas" },
    { "code": "KE", "name": "Kenija" },
    { "code": "KI", "name": "Kiribatis" },
    { "code": "KP", "name": "Šiaurės Korėja" },
    { "code": "KR", "name": "Pietų Korėja" },
    { "code": "KW", "name": "Kuveitas" },
    { "code": "KG", "name": "Kirgizija" },
    { "code": "LA", "name": "Laosas" },
    { "code": "LV", "name": "Latvija" },
    { "code": "LB", "name": "Libanas" },
    { "code": "LS", "name": "Lesotas" },
    { "code": "LR", "name": "Liberija" },
    { "code": "LY", "name": "Libija" },
    { "code": "LI", "name": "Lichtenšteinas" },
    { "code": "LT", "name": "Lietuva" },
    { "code": "LU", "name": "Liuksemburgas" },
    { "code": "MK", "name": "Makedonija" },
    { "code": "MG", "name": "Madagaskaras" },
    { "code": "MW", "name": "Malavis" },
    { "code": "MY", "name": "Malaizija" },
    { "code": "MV", "name": "Maldyvai" },
    { "code": "ML", "name": "Malis" },
    { "code": "MT", "name": "Malta" },
    { "code": "MH", "name": "Maršalo salos" },
    { "code": "MR", "name": "Mauritanija" },
    { "code": "MU", "name": "Mauricijus" },
    { "code": "MX", "name": "Meksika" },
    { "code": "FM", "name": "Mikronezija" },
    { "code": "MD", "name": "Moldavija" },
    { "code": "MC", "name": "Monakas" },
    { "code": "MN", "name": "Mongolija" },
    { "code": "ME", "name": "Juodkalnija" },
    { "code": "MA", "name": "Marokas" },
    { "code": "MZ", "name": "Mozambikas" },
    { "code": "MM", "name": "Mianmaras" },
    { "code": "NA", "name": "Namibija" },
    { "code": "NR", "name": "Nauru" },
    { "code": "NP", "name": "Nepalas" },
    { "code": "NL", "name": "Nyderlandai" },
    { "code": "NZ", "name": "Naujoji Zelandija" },
    { "code": "NI", "name": "Nikaragva" },
    { "code": "NE", "name": "Nigeris" },
    { "code": "NG", "name": "Nigerija" },
    { "code": "NO", "name": "Norvegija" },
    { "code": "OM", "name": "Omanas" },
    { "code": "PK", "name": "Pakistanas" },
    { "code": "PW", "name": "Palau" },
    { "code": "PA", "name": "Panama" },
    { "code": "FR", "name": "Prancūzija" },
    { "code": "PG", "name": "Papua Naujoji Gvinėja" },
    { "code": "PY", "name": "Paragvajus" },
    { "code": "GQ", "name": "Pusiaujo Gvinėja" },
    { "code": "PE", "name": "Peru" },
    { "code": "PH", "name": "Filipinai" },
    { "code": "PL", "name": "Lenkija" },
    { "code": "PT", "name": "Portugalija" },
    { "code": "QA", "name": "Kataras" },
    { "code": "RO", "name": "Rumunija" },
    { "code": "RU", "name": "Rusija" },
    { "code": "RW", "name": "Ruanda" },
    { "code": "SV", "name": "Salvadoras" },
    { "code": "KN", "name": "Sent Kitsas ir Nevis" },
    { "code": "LC", "name": "Sent Lusija" },
    { "code": "VC", "name": "Sent Vinsentas ir Grenadinai" },
    { "code": "WS", "name": "Samoa" },
    { "code": "SM", "name": "San Marinas" },
    { "code": "ST", "name": "San Tomė ir Prinsipė" },
    { "code": "SA", "name": "Saudo Arabija" },
    { "code": "SN", "name": "Senegalas" },
    { "code": "RS", "name": "Serbija" },
    { "code": "SC", "name": "Seišeliai" },
    { "code": "SL", "name": "Siera Leonė" },
    { "code": "SG", "name": "Singapūras" },
    { "code": "FI", "name": "Suomija" },
    { "code": "SK", "name": "Slovakija" },
    { "code": "SI", "name": "Slovėnija" },
    { "code": "SB", "name": "Saliamono Salos" },
    { "code": "SO", "name": "Somalis" },
    { "code": "ZA", "name": "PAR" },
    { "code": "SS", "name": "Pietų Sudanas" },
    { "code": "ES", "name": "Ispanija" },
    { "code": "LK", "name": "Šri Lanka" },
    { "code": "SD", "name": "Sudanas" },
    { "code": "SR", "name": "Surinamas" },
    { "code": "SZ", "name": "Svazilendas" },
    { "code": "SE", "name": "Švedija" },
    { "code": "CH", "name": "Šveicarija" },
    { "code": "SY", "name": "Sirija" },
    { "code": "TJ", "name": "Tadžikija" },
    { "code": "TZ", "name": "Tanzanija" },
    { "code": "TH", "name": "Tailandas" },
    { "code": "TL", "name": "Rytų Timoras" },
    { "code": "TG", "name": "Togas" },
    { "code": "TO", "name": "Tonga" },
    { "code": "TT", "name": "Trinidadas ir Tobagas" },
    { "code": "TN", "name": "Tunisas" },
    { "code": "TR", "name": "Turkija" },
    { "code": "TM", "name": "Turkmėnija" },
    { "code": "TV", "name": "Tuvalu" },
    { "code": "UG", "name": "Uganda" },
    { "code": "UA", "name": "Ukraina" },
    { "code": "AE", "name": "Jungtiniai Arabų Emyratai" },
    { "code": "GB", "name": "Jungtinė Karalystė" },
    { "code": "US", "name": "Jungtinės Valstijos" },
    { "code": "UY", "name": "Urugvajus" },
    { "code": "UZ", "name": "Uzbekistanas" },
    { "code": "VU", "name": "Vanuatu" },
    { "code": "VE", "name": "Venesuela" },
    { "code": "DE", "name": "Vokietija" },
    { "code": "VN", "name": "Vietnamas" },
    { "code": "YE", "name": "Jemenas" },
    { "code": "ZM", "name": "Zambija" },
    { "code": "ZW", "name": "Zimbabvė" },
    { "code": "CV", "name": "Žaliasis Kyšulys" }
]
