[
    { "code": "AF", "name": "Afganistan" },
    { "code": "AL", "name": "Albania" },
    { "code": "DZ", "name": "Algieria" },
    { "code": "AD", "name": "Andora" },
    { "code": "AO", "name": "Angola" },
    { "code": "AG", "name": "Antigua i Barbuda" },
    { "code": "SA", "name": "Arabia Saudyjska" },
    { "code": "AR", "name": "Argentyna" },
    { "code": "AM", "name": "Armenia" },
    { "code": "AU", "name": "Australia" },
    { "code": "AT", "name": "Austria" },
    { "code": "AZ", "name": "Azerbejdżan" },
    { "code": "BS", "name": "Bahamy" },
    { "code": "BH", "name": "Bahrajn" },
    { "code": "BD", "name": "Bangladesz" },
    { "code": "BB", "name": "Barbados" },
    { "code": "BE", "name": "Belgia" },
    { "code": "BZ", "name": "Belize" },
    { "code": "BJ", "name": "Benin" },
    { "code": "BT", "name": "Bhutan" },
    { "code": "BY", "name": "Białoruś" },
    { "code": "BO", "name": "Boliwia" },
    { "code": "BA", "name": "Bośnia i Hercegowina" },
    { "code": "BW", "name": "Botswana" },
    { "code": "BR", "name": "Brazylia" },
    { "code": "BN", "name": "Brunei" },
    { "code": "BG", "name": "Bułgaria" },
    { "code": "BF", "name": "Burkina Faso" },
    { "code": "BI", "name": "Burundi" },
    { "code": "CL", "name": "Chile" },
    { "code": "CN", "name": "Chiny" },
    { "code": "HR", "name": "Chorwacja" },
    { "code": "CY", "name": "Cypr" },
    { "code": "TD", "name": "Czad" },
    { "code": "ME", "name": "Czarnogóra" },
    { "code": "CZ", "name": "Czechy" },
    { "code": "DK", "name": "Dania" },
    { "code": "CD", "name": "Demokratyczna Republika Konga" },
    { "code": "DM", "name": "Dominika" },
    { "code": "DO", "name": "Dominikana" },
    { "code": "DJ", "name": "Dżibuti" },
    { "code": "EG", "name": "Egipt" },
    { "code": "EC", "name": "Ekwador" },
    { "code": "ER", "name": "Erytrea" },
    { "code": "EE", "name": "Estonia" },
    { "code": "SZ", "name": "Eswatini" },
    { "code": "ET", "name": "Etiopia" },
    { "code": "FJ", "name": "Fidżi" },
    { "code": "PH", "name": "Filipiny" },
    { "code": "FI", "name": "Finlandia" },
    { "code": "FR", "name": "Francja" },
    { "code": "GA", "name": "Gabon" },
    { "code": "GM", "name": "Gambia" },
    { "code": "GH", "name": "Ghana" },
    { "code": "GR", "name": "Grecja" },
    { "code": "GD", "name": "Grenada" },
    { "code": "GE", "name": "Gruzja" },
    { "code": "GY", "name": "Gujana" },
    { "code": "GT", "name": "Gwatemala" },
    { "code": "GW", "name": "Gwinea Bissau" },
    { "code": "GQ", "name": "Gwinea Równikowa" },
    { "code": "GN", "name": "Gwinea" },
    { "code": "HT", "name": "Haiti" },
    { "code": "ES", "name": "Hiszpania" },
    { "code": "NL", "name": "Holandia" },
    { "code": "HN", "name": "Honduras" },
    { "code": "IN", "name": "Indie" },
    { "code": "ID", "name": "Indonezja" },
    { "code": "IQ", "name": "Irak" },
    { "code": "IR", "name": "Iran" },
    { "code": "IE", "name": "Irlandia" },
    { "code": "IS", "name": "Islandia" },
    { "code": "IL", "name": "Izrael" },
    { "code": "JM", "name": "Jamajka" },
    { "code": "JP", "name": "Japonia" },
    { "code": "YE", "name": "Jemen" },
    { "code": "JO", "name": "Jordania" },
    { "code": "KH", "name": "Kambodża" },
    { "code": "CM", "name": "Kamerun" },
    { "code": "CA", "name": "Kanada" },
    { "code": "QA", "name": "Katar" },
    { "code": "KZ", "name": "Kazachstan" },
    { "code": "KE", "name": "Kenia" },
    { "code": "KG", "name": "Kirgistan" },
    { "code": "KI", "name": "Kiribati" },
    { "code": "CO", "name": "Kolumbia" },
    { "code": "KM", "name": "Komory" },
    { "code": "CG", "name": "Kongo" },
    { "code": "KR", "name": "Korea Południowa" },
    { "code": "KP", "name": "Korea Północna" },
    { "code": "CR", "name": "Kostaryka" },
    { "code": "CU", "name": "Kuba" },
    { "code": "KW", "name": "Kuwejt" },
    { "code": "LA", "name": "Laos" },
    { "code": "LS", "name": "Lesotho" },
    { "code": "LB", "name": "Liban" },
    { "code": "LR", "name": "Liberia" },
    { "code": "LY", "name": "Libia" },
    { "code": "LI", "name": "Liechtenstein" },
    { "code": "LT", "name": "Litwa" },
    { "code": "LU", "name": "Luksemburg" },
    { "code": "LV", "name": "Łotwa" },
    { "code": "MK", "name": "Macedonia Północna" },
    { "code": "MG", "name": "Madagaskar" },
    { "code": "MW", "name": "Malawi" },
    { "code": "MV", "name": "Malediwy" },
    { "code": "MY", "name": "Malezja" },
    { "code": "ML", "name": "Mali" },
    { "code": "MT", "name": "Malta" },
    { "code": "MA", "name": "Maroko" },
    { "code": "MR", "name": "Mauretania" },
    { "code": "MU", "name": "Mauritius" },
    { "code": "MX", "name": "Meksyk" },
    { "code": "FM", "name": "Mikronezja" },
    { "code": "MM", "name": "Mjanma" },
    { "code": "MD", "name": "Mołdawia" },
    { "code": "MC", "name": "Monako" },
    { "code": "MN", "name": "Mongolia" },
    { "code": "MZ", "name": "Mozambik" },
    { "code": "NA", "name": "Namibia" },
    { "code": "NR", "name": "Nauru" },
    { "code": "NP", "name": "Nepal" },
    { "code": "DE", "name": "Niemcy" },
    { "code": "NE", "name": "Niger" },
    { "code": "NG", "name": "Nigeria" },
    { "code": "NI", "name": "Nikaragua" },
    { "code": "NO", "name": "Norwegia" },
    { "code": "NZ", "name": "Nowa Zelandia" },
    { "code": "OM", "name": "Oman" },
    { "code": "PK", "name": "Pakistan" },
    { "code": "PW", "name": "Palau" },
    { "code": "PA", "name": "Panama" },
    { "code": "PG", "name": "Papua-Nowa Gwinea" },
    { "code": "PY", "name": "Paragwaj" },
    { "code": "PE", "name": "Peru" },
    { "code": "PL", "name": "Polska" },
    { "code": "PT", "name": "Portugalia" },
    { "code": "ZA", "name": "Południowa Afryka" },
    { "code": "CF", "name": "Republika Środkowoafrykańska" },
    { "code": "CV", "name": "Republika Zielonego Przylądka" },
    { "code": "RU", "name": "Rosja" },
    { "code": "RO", "name": "Rumunia" },
    { "code": "RW", "name": "Rwanda" },
    { "code": "KN", "name": "Saint Kitts i Nevis" },
    { "code": "LC", "name": "Saint Lucia" },
    { "code": "VC", "name": "Saint Vincent i Grenadyny" },
    { "code": "SV", "name": "Salwador" },
    { "code": "WS", "name": "Samoa" },
    { "code": "SM", "name": "San Marino" },
    { "code": "SN", "name": "Senegal" },
    { "code": "RS", "name": "Serbia" },
    { "code": "SC", "name": "Seszele" },
    { "code": "SL", "name": "Sierra Leone" },
    { "code": "SG", "name": "Singapur" },
    { "code": "SK", "name": "Słowacja" },
    { "code": "SI", "name": "Słowenia" },
    { "code": "SO", "name": "Somalia" },
    { "code": "LK", "name": "Sri Lanka" },
    { "code": "US", "name": "Stany Zjednoczone" },
    { "code": "SD", "name": "Sudan" },
    { "code": "SS", "name": "Sudan Południowy" },
    { "code": "SR", "name": "Surinam" },
    { "code": "SY", "name": "Syria" },
    { "code": "CH", "name": "Szwajcaria" },
    { "code": "SE", "name": "Szwecja" },
    { "code": "TJ", "name": "Tadżykistan" },
    { "code": "TH", "name": "Tajlandia" },
    { "code": "TZ", "name": "Tanzania" },
    { "code": "TL", "name": "Timor Wschodni" },
    { "code": "TG", "name": "Togo" },
    { "code": "TO", "name": "Tonga" },
    { "code": "TT", "name": "Trynidad i Tobago" },
    { "code": "TN", "name": "Tunezja" },
    { "code": "TR", "name": "Turcja" },
    { "code": "TM", "name": "Turkmenistan" },
    { "code": "TV", "name": "Tuvalu" },
    { "code": "UG", "name": "Uganda" },
    { "code": "UA", "name": "Ukraina" },
    { "code": "UY", "name": "Urugwaj" },
    { "code": "UZ", "name": "Uzbekistan" },
    { "code": "VU", "name": "Vanuatu" },
    { "code": "VE", "name": "Wenezuela" },
    { "code": "HU", "name": "Węgry" },
    { "code": "GB", "name": "Wielka Brytania" },
    { "code": "VN", "name": "Wietnam" },
    { "code": "IT", "name": "Włochy" },
    { "code": "CI", "name": "Wybrzeże Kości Słoniowej" },
    { "code": "MH", "name": "Wyspy Marshalla" },
    { "code": "SB", "name": "Wyspy Salomona" },
    { "code": "ST", "name": "Wyspy Świętego Tomasza i Książęca" },
    { "code": "ZM", "name": "Zambia" },
    { "code": "ZW", "name": "Zimbabwe" },
    { "code": "AE", "name": "Zjednoczone Emiraty Arabskie" }
]
