[
    { "code": "AF", "name": "Afganistan" },
    { "code": "AL", "name": "Albánsko" },
    { "code": "DZ", "name": "Alžírsko" },
    { "code": "AD", "name": "Andorra" },
    { "code": "AO", "name": "Angola" },
    { "code": "AG", "name": "Antigua a Barbuda" },
    { "code": "AR", "name": "Argentína" },
    { "code": "AM", "name": "Arménsko" },
    { "code": "AU", "name": "Austrália" },
    { "code": "AZ", "name": "Azerbajdžan" },
    { "code": "BS", "name": "Bahamy" },
    { "code": "BH", "name": "Bahrajn" },
    { "code": "BD", "name": "Bangladéš" },
    { "code": "BB", "name": "Barbados" },
    { "code": "BE", "name": "Belgicko" },
    { "code": "BZ", "name": "Belize" },
    { "code": "BJ", "name": "Benin" },
    { "code": "BT", "name": "Bhután" },
    { "code": "BY", "name": "Bielorusko" },
    { "code": "BO", "name": "Bolívia" },
    { "code": "BA", "name": "Bosna a Hercegovina" },
    { "code": "BW", "name": "Botswana" },
    { "code": "BR", "name": "Brazília" },
    { "code": "BN", "name": "Brunej" },
    { "code": "BG", "name": "Bulharsko" },
    { "code": "BF", "name": "Burkina" },
    { "code": "BI", "name": "Burundi" },
    { "code": "CY", "name": "Cyprus" },
    { "code": "TD", "name": "Čad" },
    { "code": "CZ", "name": "Česko" },
    { "code": "ME", "name": "Čierna Hora" },
    { "code": "CL", "name": "Čile" },
    { "code": "CN", "name": "Čína" },
    { "code": "DK", "name": "Dánsko" },
    { "code": "DM", "name": "Dominika" },
    { "code": "DO", "name": "Dominikánska republika" },
    { "code": "DJ", "name": "Džibutsko" },
    { "code": "EG", "name": "Egypt" },
    { "code": "EC", "name": "Ekvádor" },
    { "code": "ER", "name": "Eritrea" },
    { "code": "EE", "name": "Estónsko" },
    { "code": "ET", "name": "Etiópia" },
    { "code": "FJ", "name": "Fidži" },
    { "code": "PH", "name": "Filipíny" },
    { "code": "FI", "name": "Fínsko" },
    { "code": "FR", "name": "Francúzsko" },
    { "code": "GA", "name": "Gabon" },
    { "code": "GM", "name": "Gambia" },
    { "code": "GH", "name": "Ghana" },
    { "code": "GR", "name": "Grécko" },
    { "code": "GD", "name": "Grenada" },
    { "code": "GE", "name": "Gruzínsko" },
    { "code": "GT", "name": "Guatemala" },
    { "code": "GN", "name": "Guinea" },
    { "code": "GW", "name": "Guinea-Bissau" },
    { "code": "GY", "name": "Guyana" },
    { "code": "HT", "name": "Haiti" },
    { "code": "NL", "name": "Holandsko" },
    { "code": "HN", "name": "Honduras" },
    { "code": "HR", "name": "Chorvátsko" },
    { "code": "IN", "name": "India" },
    { "code": "ID", "name": "Indonézia" },
    { "code": "IR", "name": "Irán" },
    { "code": "IQ", "name": "Irak" },
    { "code": "IE", "name": "Írsko" },
    { "code": "IS", "name": "Island" },
    { "code": "IL", "name": "Izrael" },
    { "code": "JM", "name": "Jamajka" },
    { "code": "JP", "name": "Japonsko" },
    { "code": "YE", "name": "Jemen" },
    { "code": "JO", "name": "Jordánsko" },
    { "code": "ZA", "name": "Južná Afrika" },
    { "code": "SS", "name": "Južný Sudán" },
    { "code": "KH", "name": "Kambodža" },
    { "code": "CM", "name": "Kamerun" },
    { "code": "CA", "name": "Kanada" },
    { "code": "CV", "name": "Kapverdy" },
    { "code": "QA", "name": "Katar" },
    { "code": "KZ", "name": "Kazachstan" },
    { "code": "KE", "name": "Keňa" },
    { "code": "KG", "name": "Kirgizsko" },
    { "code": "KI", "name": "Kiribati" },
    { "code": "CO", "name": "Kolumbia" },
    { "code": "KM", "name": "Komory" },
    { "code": "CG", "name": "Kongo" },
    { "code": "CD", "name": "Konžská demokratická republika" },
    { "code": "KP", "name": "Kórejská ľudovodemokratická republika" },
    { "code": "KR", "name": "Kórejská republika" },
    { "code": "CR", "name": "Kostarika" },
    { "code": "CU", "name": "Kuba" },
    { "code": "KW", "name": "Kuvajt" },
    { "code": "LA", "name": "Laos" },
    { "code": "LS", "name": "Lesotho" },
    { "code": "LB", "name": "Libanon" },
    { "code": "LR", "name": "Libéria" },
    { "code": "LY", "name": "Líbya" },
    { "code": "LI", "name": "Lichtenštajnsko" },
    { "code": "LT", "name": "Litva" },
    { "code": "LV", "name": "Lotyšsko" },
    { "code": "LU", "name": "Luxembursko" },
    { "code": "MK", "name": "Severné Macedónsko" },
    { "code": "MG", "name": "Madagaskar" },
    { "code": "HU", "name": "Maďarsko" },
    { "code": "MY", "name": "Malajzia" },
    { "code": "MW", "name": "Malawi" },
    { "code": "MV", "name": "Maldivy" },
    { "code": "ML", "name": "Mali" },
    { "code": "MT", "name": "Malta" },
    { "code": "MA", "name": "Maroko" },
    { "code": "MH", "name": "Marshallove ostrovy" },
    { "code": "MU", "name": "Maurícius" },
    { "code": "MR", "name": "Mauritánia" },
    { "code": "MX", "name": "Mexiko" },
    { "code": "FM", "name": "Mikronézia" },
    { "code": "MM", "name": "Mjanmarsko" },
    { "code": "MD", "name": "Moldavsko" },
    { "code": "MC", "name": "Monako" },
    { "code": "MN", "name": "Mongolsko" },
    { "code": "MZ", "name": "Mozambik" },
    { "code": "NA", "name": "Namíbia" },
    { "code": "NR", "name": "Nauru" },
    { "code": "DE", "name": "Nemecko" },
    { "code": "NP", "name": "Nepál" },
    { "code": "NE", "name": "Niger" },
    { "code": "NG", "name": "Nigéria" },
    { "code": "NI", "name": "Nikaragua" },
    { "code": "NO", "name": "Nórsko" },
    { "code": "NZ", "name": "Nový Zéland" },
    { "code": "OM", "name": "Omán" },
    { "code": "PK", "name": "Pakistan" },
    { "code": "PW", "name": "Palau" },
    { "code": "PA", "name": "Panama" },
    { "code": "PG", "name": "Papua-Nová Guinea" },
    { "code": "PY", "name": "Paraguaj" },
    { "code": "PE", "name": "Peru" },
    { "code": "CI", "name": "Pobrežie Slonoviny" },
    { "code": "PL", "name": "Poľsko" },
    { "code": "PT", "name": "Portugalsko" },
    { "code": "AT", "name": "Rakúsko" },
    { "code": "GQ", "name": "Rovníková Guinea" },
    { "code": "RO", "name": "Rumunsko" },
    { "code": "RU", "name": "Rusko" },
    { "code": "RW", "name": "Rwanda" },
    { "code": "SV", "name": "Salvádor" },
    { "code": "WS", "name": "Samoa" },
    { "code": "SM", "name": "San Maríno" },
    { "code": "SA", "name": "Saudská Arábia" },
    { "code": "SN", "name": "Senegal" },
    { "code": "SC", "name": "Seychely" },
    { "code": "SL", "name": "Sierra Leone" },
    { "code": "SG", "name": "Singapur" },
    { "code": "SK", "name": "Slovensko" },
    { "code": "SI", "name": "Slovinsko" },
    { "code": "SO", "name": "Somálsko" },
    { "code": "AE", "name": "Spojené arabské emiráty" },
    { "code": "GB", "name": "Spojené kráľovstvo" },
    { "code": "US", "name": "Spojené štáty" },
    { "code": "RS", "name": "Srbsko" },
    { "code": "LK", "name": "Srí Lanka" },
    { "code": "CF", "name": "Stredoafrická republika" },
    { "code": "SD", "name": "Sudán" },
    { "code": "SR", "name": "Surinam" },
    { "code": "LC", "name": "Svätá Lucia" },
    { "code": "KN", "name": "Svätý Krištof a Nevis" },
    { "code": "ST", "name": "Svätý Tomáš a Princov ostrov" },
    { "code": "VC", "name": "Svätý Vincent a Grenadíny" },
    { "code": "SZ", "name": "Svazijsko" },
    { "code": "SY", "name": "Sýria" },
    { "code": "SB", "name": "Šalamúnove ostrovy" },
    { "code": "ES", "name": "Španielsko" },
    { "code": "CH", "name": "Švajčiarsko" },
    { "code": "SE", "name": "Švédsko" },
    { "code": "TJ", "name": "Tadžikistan" },
    { "code": "IT", "name": "Taliansko" },
    { "code": "TZ", "name": "Tanzánia" },
    { "code": "TH", "name": "Thajsko" },
    { "code": "TG", "name": "Togo" },
    { "code": "TO", "name": "Tonga" },
    { "code": "TT", "name": "Trinidad a Tobago" },
    { "code": "TN", "name": "Tunisko" },
    { "code": "TR", "name": "Turecko" },
    { "code": "TM", "name": "Turkménsko" },
    { "code": "TV", "name": "Tuvalu" },
    { "code": "UG", "name": "Uganda" },
    { "code": "UA", "name": "Ukrajina" },
    { "code": "UY", "name": "Uruguaj" },
    { "code": "UZ", "name": "Uzbekistan" },
    { "code": "VU", "name": "Vanuatu" },
    { "code": "VE", "name": "Venezuela" },
    { "code": "VN", "name": "Vietnam" },
    { "code": "TL", "name": "Východný Timor" },
    { "code": "ZM", "name": "Zambia" },
    { "code": "ZW", "name": "Zimbabwe" }
]
