[
    { "code": "AF", "name": "阿富汗" },
    { "code": "AL", "name": "阿爾巴尼亞" },
    { "code": "DZ", "name": "阿爾及利亞" },
    { "code": "AD", "name": "安道爾" },
    { "code": "AO", "name": "安哥拉" },
    { "code": "AG", "name": "安地卡及巴布達" },
    { "code": "AR", "name": "阿根廷" },
    { "code": "AM", "name": "亞美尼亞" },
    { "code": "AU", "name": "澳大利亞" },
    { "code": "AT", "name": "奧地利" },
    { "code": "AZ", "name": "亞塞拜然" },
    { "code": "BS", "name": "巴哈馬" },
    { "code": "BH", "name": "巴林" },
    { "code": "BD", "name": "孟加拉" },
    { "code": "BB", "name": "巴貝多" },
    { "code": "BY", "name": "白俄羅斯" },
    { "code": "BE", "name": "比利時" },
    { "code": "BZ", "name": "貝里斯" },
    { "code": "BJ", "name": "貝南" },
    { "code": "BT", "name": "不丹" },
    { "code": "BO", "name": "玻利維亞" },
    { "code": "BA", "name": "波士尼亞與赫塞哥維納" },
    { "code": "BW", "name": "波札那" },
    { "code": "BR", "name": "巴西" },
    { "code": "BN", "name": "汶萊" },
    { "code": "BG", "name": "保加利亞" },
    { "code": "BF", "name": "布吉納法索" },
    { "code": "BI", "name": "蒲隆地" },
    { "code": "CV", "name": "維德角" },
    { "code": "KH", "name": "柬埔寨" },
    { "code": "CM", "name": "喀麥隆" },
    { "code": "CA", "name": "加拿大" },
    { "code": "CF", "name": "中非" },
    { "code": "TD", "name": "查德" },
    { "code": "CL", "name": "智利" },
    { "code": "CN", "name": "中國" },
    { "code": "CO", "name": "哥倫比亞" },
    { "code": "KM", "name": "葛摩" },
    { "code": "CG", "name": "剛果共和國" },
    { "code": "CD", "name": "剛果民主共和國" },
    { "code": "CR", "name": "哥斯大黎加" },
    { "code": "CI", "name": "象牙海岸" },
    { "code": "HR", "name": "克羅埃西亞" },
    { "code": "CU", "name": "古巴" },
    { "code": "CY", "name": "賽普勒斯" },
    { "code": "CZ", "name": "捷克" },
    { "code": "DK", "name": "丹麥" },
    { "code": "DJ", "name": "吉布地" },
    { "code": "DM", "name": "多米尼克" },
    { "code": "DO", "name": "多明尼加" },
    { "code": "EC", "name": "厄瓜多" },
    { "code": "EG", "name": "埃及" },
    { "code": "SV", "name": "薩爾瓦多" },
    { "code": "GQ", "name": "赤道幾內亞" },
    { "code": "ER", "name": "厄利垂亞" },
    { "code": "EE", "name": "愛沙尼亞" },
    { "code": "SZ", "name": "史瓦帝尼" },
    { "code": "ET", "name": "衣索比亞" },
    { "code": "FJ", "name": "斐濟" },
    { "code": "FI", "name": "芬蘭" },
    { "code": "FR", "name": "法國" },
    { "code": "GA", "name": "加彭" },
    { "code": "GM", "name": "甘比亞" },
    { "code": "GE", "name": "喬治亞" },
    { "code": "DE", "name": "德國" },
    { "code": "GH", "name": "加納" },
    { "code": "GR", "name": "希臘" },
    { "code": "GD", "name": "格瑞那達" },
    { "code": "GT", "name": "瓜地馬拉" },
    { "code": "GN", "name": "幾內亞" },
    { "code": "GW", "name": "幾內亞比索" },
    { "code": "GY", "name": "蓋亞那" },
    { "code": "HT", "name": "海地" },
    { "code": "HN", "name": "宏都拉斯" },
    { "code": "HU", "name": "匈牙利" },
    { "code": "IS", "name": "冰島" },
    { "code": "IN", "name": "印度" },
    { "code": "ID", "name": "印尼" },
    { "code": "IR", "name": "伊朗" },
    { "code": "IQ", "name": "伊拉克" },
    { "code": "IE", "name": "愛爾蘭" },
    { "code": "IL", "name": "以色列" },
    { "code": "IT", "name": "義大利" },
    { "code": "JM", "name": "牙買加" },
    { "code": "JP", "name": "日本" },
    { "code": "JO", "name": "約旦" },
    { "code": "KZ", "name": "哈薩克" },
    { "code": "KE", "name": "肯亞" },
    { "code": "KI", "name": "吉里巴斯" },
    { "code": "KP", "name": "北韓" },
    { "code": "KR", "name": "南韓" },
    { "code": "KW", "name": "科威特" },
    { "code": "KG", "name": "吉爾吉斯" },
    { "code": "LA", "name": "寮國" },
    { "code": "LV", "name": "拉脫維亞" },
    { "code": "LB", "name": "黎巴嫩" },
    { "code": "LS", "name": "賴索托" },
    { "code": "LR", "name": "賴比瑞亞" },
    { "code": "LY", "name": "利比亞" },
    { "code": "LI", "name": "列支敦斯登" },
    { "code": "LT", "name": "立陶宛" },
    { "code": "LU", "name": "盧森堡" },
    { "code": "MG", "name": "馬達加斯加" },
    { "code": "MW", "name": "馬拉威" },
    { "code": "MY", "name": "馬來西亞" },
    { "code": "MV", "name": "馬爾地夫" },
    { "code": "ML", "name": "馬利" },
    { "code": "MT", "name": "馬爾他" },
    { "code": "MH", "name": "馬紹爾群島" },
    { "code": "MR", "name": "茅利塔尼亞" },
    { "code": "MU", "name": "模里西斯" },
    { "code": "MX", "name": "墨西哥" },
    { "code": "FM", "name": "密克羅尼西亞聯邦" },
    { "code": "MD", "name": "摩爾多瓦" },
    { "code": "MC", "name": "摩納哥" },
    { "code": "MN", "name": "蒙古" },
    { "code": "ME", "name": "蒙特內哥羅" },
    { "code": "MA", "name": "摩洛哥" },
    { "code": "MZ", "name": "莫三比克" },
    { "code": "MM", "name": "緬甸" },
    { "code": "NA", "name": "納米比亞" },
    { "code": "NR", "name": "諾魯" },
    { "code": "NP", "name": "尼泊爾" },
    { "code": "NL", "name": "荷蘭" },
    { "code": "NZ", "name": "紐西蘭" },
    { "code": "NI", "name": "尼加拉瓜" },
    { "code": "NE", "name": "尼日" },
    { "code": "NG", "name": "奈及利亞" },
    { "code": "MK", "name": "北馬其頓" },
    { "code": "NO", "name": "挪威" },
    { "code": "OM", "name": "阿曼" },
    { "code": "PK", "name": "巴基斯坦" },
    { "code": "PW", "name": "帛琉" },
    { "code": "PA", "name": "巴拿馬" },
    { "code": "PG", "name": "巴布亞紐幾內亞" },
    { "code": "PY", "name": "巴拉圭" },
    { "code": "PE", "name": "秘魯" },
    { "code": "PH", "name": "菲律賓" },
    { "code": "PL", "name": "波蘭" },
    { "code": "PT", "name": "葡萄牙" },
    { "code": "QA", "name": "卡達" },
    { "code": "RO", "name": "羅馬尼亞" },
    { "code": "RU", "name": "俄羅斯" },
    { "code": "RW", "name": "盧安達" },
    { "code": "KN", "name": "聖克里斯多福及尼維斯" },
    { "code": "LC", "name": "聖露西亞" },
    { "code": "VC", "name": "聖文森及格瑞那丁" },
    { "code": "WS", "name": "薩摩亞" },
    { "code": "SM", "name": "聖馬利諾" },
    { "code": "ST", "name": "聖多美普林西比" },
    { "code": "SA", "name": "沙烏地阿拉伯" },
    { "code": "SN", "name": "塞內加爾" },
    { "code": "RS", "name": "塞爾維亞" },
    { "code": "SC", "name": "塞席爾" },
    { "code": "SL", "name": "獅子山" },
    { "code": "SG", "name": "新加坡" },
    { "code": "SK", "name": "斯洛伐克" },
    { "code": "SI", "name": "斯洛維尼亞" },
    { "code": "SB", "name": "索羅門群島" },
    { "code": "SO", "name": "索馬利亞" },
    { "code": "ZA", "name": "南非" },
    { "code": "SS", "name": "南蘇丹" },
    { "code": "ES", "name": "西班牙" },
    { "code": "LK", "name": "斯里蘭卡" },
    { "code": "SD", "name": "蘇丹" },
    { "code": "SR", "name": "蘇利南" },
    { "code": "SE", "name": "瑞典" },
    { "code": "CH", "name": "瑞士" },
    { "code": "SY", "name": "敘利亞" },
    { "code": "TJ", "name": "塔吉克" },
    { "code": "TZ", "name": "坦尚尼亞" },
    { "code": "TH", "name": "泰國" },
    { "code": "TL", "name": "東帝汶" },
    { "code": "TG", "name": "多哥" },
    { "code": "TO", "name": "東加" },
    { "code": "TT", "name": "千里達及托巴哥" },
    { "code": "TN", "name": "突尼西亞" },
    { "code": "TR", "name": "土耳其" },
    { "code": "TM", "name": "土庫曼" },
    { "code": "TV", "name": "吐瓦魯" },
    { "code": "UG", "name": "烏干達" },
    { "code": "UA", "name": "烏克蘭" },
    { "code": "AE", "name": "阿聯" },
    { "code": "GB", "name": "英國" },
    { "code": "US", "name": "美國" },
    { "code": "UY", "name": "烏拉圭" },
    { "code": "UZ", "name": "烏茲別克" },
    { "code": "VU", "name": "萬那杜" },
    { "code": "VE", "name": "委內瑞拉" },
    { "code": "VN", "name": "越南" },
    { "code": "YE", "name": "葉門" },
    { "code": "ZM", "name": "尚比亞" },
    { "code": "ZW", "name": "辛巴威" }
]
