{
    "$schema": "https://docs.renovatebot.com/renovate-schema.json",
    "extends": ["config:base", "group:recommended"],
    "ignorePresets": [":prHourlyLimit2"],
    "packageRules": [
        {
            "matchPackagePrefixes": ["@unocss/"],
            "matchPackageNames": ["unocss"],
            "groupName": "unocss"
        },
        {
            "matchPackagePrefixes": ["linkify"],
            "groupName": "linkify"
        },
        {
            "matchPackagePrefixes": ["@vitejs/"],
            "matchPackageNames": ["vite"],
            "groupName": "vite"
        },
        {
            "matchPackagePrefixes": ["@iconify-json/"],
            "groupName": "iconify",
            "automerge": true
        }
    ],
    "lockFileMaintenance": {
        "enabled": true,
        "automerge": true
    },
    "platformAutomerge": true
}
